match_id,compound_score,n_chat_messages,avg_mmr,match_id,label
17,6.7566,28,2207.7858409122705,17,pos
21,1.8504,29,2991.513148331378,21,pos
22,-0.2778,33,3612.7526078944215,22,neg
24,4.7689,19,3500.584776938418,24,pos
29,5.7922,87,3187.2915835243098,29,pos
32,6.0928,67,3662.77878982736,32,pos
33,0.592,3,3341.1896776138747,33,pos
35,2.7100999999999997,25,3500.230766712576,35,pos
39,0.5287999999999999,17,3252.3628397411394,39,pos
42,0.296,34,3060.3456750061764,42,pos
43,0.7549999999999999,11,2753.109461214574,43,pos
45,2.4385,16,3312.568411697927,45,pos
46,2.4074,10,3131.4033876462954,46,pos
48,-2.4324,44,3497.8102412220182,48,neg
52,2.3665,16,3586.0800103811125,52,pos
55,-1.884,30,3217.8317489357337,55,neg
62,0.3541999999999999,35,3539.493862930362,62,pos
63,-0.42629999999999985,18,3607.155067143459,63,neg
66,0.5199,19,3481.3970257168908,66,pos
72,2.4726999999999997,87,3569.177577322585,72,pos
73,4.5584,31,3648.807121967841,73,pos
75,1.4637,12,3145.6644840248387,75,pos
76,0.9388,20,3399.526947754839,76,pos
84,1.8707,34,3635.824235068345,84,pos
87,1.7624,9,2975.2892525039483,87,pos
91,2.1736,18,3279.5526393129244,91,pos
93,0.8049,4,3360.939987466112,93,pos
94,0.7549999999999999,18,3545.122100398446,94,pos
98,2.2016,29,3364.114270552562,98,pos
99,0.8881999999999999,23,3639.6751112671423,99,pos
101,1.1229,28,3289.468061536533,101,pos
102,1.4818,20,3414.728010877513,102,pos
103,0.15659999999999996,15,3270.9877651142474,103,pos
109,-0.4588,7,3511.7419119491874,109,neg
113,1.6329,5,3119.841233246191,113,pos
114,1.7777,6,3316.554972740121,114,pos
116,1.9663,28,3144.6029957068554,116,pos
117,0.0036000000000000476,9,3494.18863979092,117,neu
119,1.7624,20,3517.188213529161,119,pos
121,0.5851000000000002,32,3294.514343480176,121,pos
122,3.0523,26,3486.685077499173,122,pos
123,1.2809,14,3332.122017770864,123,pos
128,2.3676,48,3373.275107292014,128,pos
130,1.1216,14,3463.1447342484885,130,pos
131,0.034599999999999964,6,2912.9911827741066,131,neu
132,2.0863,16,3244.084774278632,132,pos
133,8.137599999999999,44,3623.515544041437,133,pos
137,0.2824,13,3259.362704335413,137,pos
138,1.6486,7,3151.039140707316,138,pos
139,1.6309999999999998,14,3474.512703553118,139,pos
141,0.36319999999999986,41,3324.6020629670084,141,pos
150,0.9934,4,3037.2439038555744,150,pos
154,0.7007999999999999,17,3264.7345528629385,154,pos
155,0.5436,11,3494.1059301725563,155,pos
158,0.0772,2,3400.283541176465,158,pos
162,2.1976,33,3516.5396059960467,162,pos
168,-0.1059,5,3249.921283297268,168,neg
173,1.1168999999999998,29,3630.8153846260193,173,pos
179,4.5086,59,3612.715752458396,179,pos
199,6.7457,22,3453.689291371036,199,pos
2310,1.7728,42,3506.5169081863082,2310,pos
2321,0.7699,4,3627.800206944892,2321,pos
2335,1.0785,9,3430.741868919893,2335,pos
2340,0.41999999999999993,9,3385.8581021424966,2340,pos
2344,2.5172,61,2904.3420860789115,2344,pos
2346,-2.0322,41,3555.470943350784,2346,neg
2349,1.9947,15,2769.2690837697382,2349,pos
2352,-0.7959000000000003,46,3450.064611279821,2352,neg
2357,5.1911,65,3369.6041624736645,2357,pos
2358,4.0285,34,3490.5828008934027,2358,pos
2359,3.4341,37,3350.758130251079,2359,pos
2361,1.9927000000000001,7,3325.1214552532606,2361,pos
2364,0.4939,16,3556.5722279466668,2364,pos
2367,-0.013900000000000023,40,3319.8664407728706,2367,neu
2370,1.3871,10,3420.2511284071506,2370,pos
2371,1.0722,8,3549.083167931982,2371,pos
2373,6.3823,53,2665.8983232835817,2373,pos
2379,-0.4761000000000001,15,3296.4705433934705,2379,neg
2380,4.8129,26,2371.741625518352,2380,pos
2383,-0.016099999999999948,25,3486.1577215364723,2383,neu
2390,1.4973999999999998,12,3632.11795947748,2390,pos
2391,0.8685999999999999,10,3501.394696266086,2391,pos
2392,1.0457999999999998,10,3475.103948945799,2392,pos
2393,3.5654,61,3660.076460513756,2393,pos
2394,-0.07830000000000004,10,3643.678255334192,2394,neg
2396,0.15380000000000016,85,3337.4159515064975,2396,pos
2397,-0.6379999999999999,14,3012.065279980397,2397,neg
2402,1.9018,10,3136.064315976826,2402,pos
2403,-0.8392999999999999,13,3040.05040991975,2403,neg
2404,0.33599999999999997,8,3368.4828726018386,2404,pos
2408,-0.9504000000000001,19,3205.615612962344,2408,neg
2410,0.6960999999999999,5,3101.8413296505987,2410,pos
2412,0.36249999999999993,14,3413.1371931489334,2412,pos
2413,2.6559,165,3404.3567104745866,2413,pos
2420,0.0,1,3222.4312719817167,2420,neu
2424,0.5360999999999999,50,2901.931072060456,2424,pos
2425,5.2347,40,3374.7679258961034,2425,pos
2428,0.6618999999999999,24,3186.0355863421332,2428,pos
2432,3.1103,37,3660.110952127936,2432,pos
2436,1.4901,70,3381.351296277013,2436,pos
2438,0.7899,2,2982.9756473341613,2438,pos
2441,0.31659999999999994,13,3333.2834639261614,2441,pos
2446,2.4055,14,3349.565134499581,2446,pos
2451,1.8228,11,3644.48050480693,2451,pos
2452,2.2752,6,3222.2200856775103,2452,pos
2453,0.5969999999999999,23,3199.4768587133262,2453,pos
2456,2.7228999999999997,44,3372.4835087591255,2456,pos
2457,7.905799999999999,46,3033.6551244452808,2457,pos
2465,1.7553999999999998,29,3288.358829739264,2465,pos
2468,-0.9648000000000001,9,2470.475656983544,2468,neg
2469,5.1426,25,3462.394431028904,2469,pos
2470,0.47419999999999984,47,3307.38813171642,2470,pos
2473,0.3804999999999998,63,3402.4348421059617,2473,pos
2475,4.2514,25,3492.470983205674,2475,pos
2483,-0.42680000000000007,11,3166.0114683562106,2483,neg
2485,0.8657999999999999,7,3304.185337705939,2485,pos
2487,2.7451,48,3508.499972382587,2487,pos
2489,3.7039999999999997,39,3663.106565025209,2489,pos
2492,0.2632000000000001,22,3401.024721420414,2492,pos
2501,-0.4064999999999998,76,3484.890825016116,2501,neg
2502,-0.44200000000000006,10,3628.135948704609,2502,neg
2507,-0.034200000000000064,23,3612.115616830269,2507,neu
2516,-0.7026999999999999,30,3611.19853071509,2516,neg
2520,0.9269999999999998,47,3401.753675344677,2520,pos
2550,5.67,58,3492.516933083599,2550,pos
5002,0.16799999999999998,10,3280.914738446968,5002,pos
5027,-1.5021,77,3585.7953123027078,5027,neg
5029,2.9108,21,3632.3795429954894,5029,pos
5032,1.7715,15,3457.402653605881,5032,pos
5045,2.9897,17,3500.4815906008143,5045,pos
5049,3.6151,23,3339.513639038936,5049,pos
5067,2.8064999999999998,30,3473.590800306124,5067,pos
5076,1.8041,8,3553.9596446404043,5076,pos
5078,2.665,32,2829.602152180561,5078,pos
5086,2.0741,8,3587.0114692130965,5086,pos
5087,1.2528,29,3439.3599432389533,5087,pos
5088,3.4179,15,3310.7610569148324,5088,pos
5091,2.2865,21,3446.999807629365,5091,pos
5096,2.0537,40,3462.7775851902757,5096,pos
5108,3.6241,27,3501.437022456772,5108,pos
5116,1.3594,10,3452.277940406139,5116,pos
5117,1.2871000000000001,24,3268.311746656453,5117,pos
5119,1.1017,8,3239.7692156627304,5119,pos
5122,1.7389999999999999,54,3091.343815333238,5122,pos
5125,1.4465,10,3594.166903549921,5125,pos
5126,3.3722,17,3626.98638439513,5126,pos
5128,2.3181,9,3151.6761252787373,5128,pos
5133,2.3048,20,3017.353760273033,5133,pos
5135,2.7704,16,3281.2213727565045,5135,pos
5138,3.2855,14,3179.405002986106,5138,pos
5139,1.8223,5,3151.451677609259,5139,pos
5145,-0.0675,24,3385.803348614993,5145,neg
5147,1.48,14,3274.442432616612,5147,pos
5150,0.8028,9,3630.977241460758,5150,pos
5155,6.7298,50,3566.488841471882,5155,pos
5157,1.5695999999999999,95,2756.4155874556773,5157,pos
5172,1.69,21,3594.639450305036,5172,pos
5175,-0.4455000000000001,12,3505.423268606124,5175,neg
5176,0.0,8,3461.583380265672,5176,neu
5179,1.2838,5,3078.651832649045,5179,pos
5187,-0.2898,13,3609.593264795876,5187,neg
5192,4.7021,35,3218.195255013601,5192,pos
5196,-0.6435,34,3581.154315386022,5196,neg
5197,0.13579999999999998,26,3007.0484262642267,5197,pos
5201,3.5606,24,3623.98318593829,5201,pos
5202,3.4638,43,3175.5867371366458,5202,pos
5203,-0.020600000000000174,51,3534.9746138795363,5203,neu
5204,2.8301,9,3617.03584720347,5204,pos
5206,0.45899999999999996,7,3420.556912457388,5206,pos
5207,0.15389999999999998,6,3355.7969555028285,5207,pos
5210,1.8500999999999999,28,3597.80315703215,5210,pos
5212,0.04539999999999994,92,3544.515476771667,5212,neu
5215,1.7578,13,3378.7328730963127,5215,pos
5216,2.0603,10,2868.7788322333217,5216,pos
5217,-1.1783,22,3650.670424208429,5217,neg
5218,-0.0677000000000001,25,3144.400177594054,5218,neg
5219,0.48269999999999985,12,3363.9248669829126,5219,pos
5224,1.3667,20,3296.1848857990285,5224,pos
5229,4.428599999999999,24,3043.3004617848223,5229,pos
5230,1.6026,14,3558.866613210789,5230,pos
5232,6.7823,65,3454.699454791168,5232,pos
5233,4.9876,41,3407.270179202037,5233,pos
5234,1.2,7,3311.0429198358725,5234,pos
5236,-1.8808000000000002,88,3657.6689210300374,5236,neg
5238,1.554,10,2971.2117378990165,5238,pos
5239,2.7851,14,3569.5466589496004,5239,pos
5241,2.0883,53,3560.323128700609,5241,pos
5243,1.434,7,3306.2901566703185,5243,pos
5249,1.0882,9,3340.4285593406494,5249,pos
5254,2.2111,21,3190.944571378588,5254,pos
5266,2.7491,43,3491.6259724799743,5266,pos
5289,-1.2227,17,3166.168564121425,5289,neg
5293,-0.5241000000000001,30,3336.7767445779377,5293,neg
5318,1.8746,47,3501.6801675949414,5318,pos
7671,5.814,44,3368.8154784235667,7671,pos
7692,2.3019,12,3413.695373242504,7692,pos
7708,6.971,60,3214.069034922674,7708,pos
7710,0.3917999999999999,15,3231.669677624423,7710,pos
7712,-6.398000000000001,52,3469.9284219072256,7712,neg
7713,0.7558,9,3383.6073303788726,7713,pos
7719,1.5859999999999999,14,3644.700029197093,7719,pos
7721,1.1289,12,3500.7437124542994,7721,pos
7726,2.794,61,3144.127149825192,7726,pos
7729,0.296,1,2999.57440278882,7729,pos
7738,0.19129999999999997,28,3335.5308722786663,7738,pos
7741,0.6607000000000001,15,3481.068018842779,7741,pos
7742,1.3986,10,3596.6648608243077,7742,pos
7744,4.1429,22,3453.7118990773115,7744,pos
7750,0.7547999999999999,4,3530.0294573504,7750,pos
7755,1.4712999999999998,50,3603.09457720767,7755,pos
7757,1.6146,8,3420.1583226877315,7757,pos
7758,3.5913999999999997,31,2998.803715107835,7758,pos
7760,3.5359,36,3410.788072757265,7760,pos
7761,1.7911000000000001,16,3431.545948848621,7761,pos
7762,2.6683,36,3122.946209344507,7762,pos
7764,1.2386,12,3208.808099956756,7764,pos
7765,-0.7932000000000002,28,3527.0117242992387,7765,neg
7768,4.7477,21,3163.6463850153764,7768,pos
7770,1.7913999999999999,19,3544.9827697092564,7770,pos
7773,10.3898,76,3448.16580095537,7773,pos
7778,3.0691,44,3647.993492313489,7778,pos
7780,2.1212999999999997,24,3524.2187153638984,7780,pos
7781,0.2841,8,3651.613148052256,7781,pos
7782,-3.7082,60,3533.663003827053,7782,neg
7785,1.0859,5,3630.1271829650054,7785,pos
7792,0.4185000000000001,42,3450.101664507239,7792,pos
7793,3.6060999999999996,60,3532.1296683853548,7793,pos
7794,1.1654,57,3622.832094599297,7794,pos
7798,0.4215,3,3439.104844501298,7798,pos
7799,6.4978,30,3221.440677929463,7799,pos
7801,-0.24680000000000002,11,3612.9963411960034,7801,neg
7802,0.4722,8,3439.722718695634,7802,pos
7804,3.6283,27,3374.9658359630434,7804,pos
7807,2.2889999999999997,10,3588.0277041863,7807,pos
7810,2.5463999999999998,23,3138.204874386872,7810,pos
7811,2.4283,18,3665.5887518634863,7811,pos
7813,-0.26790000000000025,32,3408.2975705791814,7813,neg
7816,3.0373000000000006,138,3074.9547697896137,7816,pos
7821,2.0467,16,3354.074136528755,7821,pos
7822,1.6055,7,3578.0756401164494,7822,pos
7824,0.6148,8,3029.289386763487,7824,pos
7825,3.7622,82,3583.7527256036965,7825,pos
7827,0.40839999999999993,50,3651.934980993347,7827,pos
7832,1.48,7,3279.9771424810324,7832,pos
7833,0.015099999999999947,27,3241.974901923124,7833,neu
7840,2.3379000000000003,34,3529.8959119621845,7840,pos
7844,1.9266,13,3550.9813695564944,7844,pos
7845,-0.9678000000000001,55,3481.9206490989936,7845,neg
7847,-7.1396,96,3214.2212541014046,7847,neg
7848,0.5196,11,3198.264586440659,7848,pos
7849,1.6873,12,3543.017658461708,7849,pos
7851,3.8903,18,3414.226140564768,7851,pos
7852,0.296,2,3623.800399443725,7852,pos
7854,1.6055,9,2314.941218328233,7854,pos
7859,1.8238,8,3320.0739123743065,7859,pos
7864,2.9440999999999997,31,3410.783860830527,7864,pos
7866,5.2425,42,3529.8574236812324,7866,pos
7867,3.1761,38,3209.15147920508,7867,pos
7870,0.8761,13,3483.4183729878664,7870,pos
7872,3.6187,39,3578.2983481799197,7872,pos
7876,-2.557,32,3468.3211152314057,7876,neg
7877,2.6069999999999998,44,3456.830447604312,7877,pos
7878,2.5379,34,3630.405719287745,7878,pos
7880,0.3538,72,3167.8539882347586,7880,pos
7884,4.5347,25,3623.7797083467754,7884,pos
7922,2.2733,9,2096.556517636017,7922,pos
10208,2.368,8,3033.608413007288,10208,pos
10217,1.9259,39,2805.996254278777,10217,pos
10227,1.9886,7,3349.9388631590514,10227,pos
10244,-0.8066,19,3238.836583114042,10244,neg
10248,-1.4304,19,3173.4446310776257,10248,neg
10260,2.0884,7,3647.6657786350816,10260,pos
10261,1.3643,23,3319.038852401335,10261,pos
10265,-0.0772,17,3201.924634773284,10265,neg
10267,-0.646,17,2805.350154499188,10267,neg
10271,1.5272,28,3205.711801058608,10271,pos
10275,1.8556,10,3224.045684578903,10275,pos
10277,3.7549,19,3401.725059612258,10277,pos
10280,0.296,4,3362.2626632254755,10280,pos
10283,1.5994,17,3451.4605074850315,10283,pos
10286,0.5492000000000001,30,3459.063278130724,10286,pos
10290,3.4858000000000002,113,3265.575652162064,10290,pos
10292,0.7570000000000001,37,3011.72953897888,10292,pos
10299,-0.2277,9,3464.711437233116,10299,neg
10300,6.4071,48,3450.612844174313,10300,pos
10302,2.0881,11,3159.3529808011463,10302,pos
10304,2.9613,17,2927.4647213369026,10304,pos
10305,3.4421,28,3162.429943075091,10305,pos
10306,4.7931,23,3551.762400006668,10306,pos
10307,0.3821,31,3635.050588961202,10307,pos
10308,5.4716,36,3596.784399172186,10308,pos
10310,-1.9943,38,3327.534049932817,10310,neg
10317,0.5176,12,2960.5399485694466,10317,pos
10322,0.24439999999999998,11,3365.3009023496725,10322,pos
10324,-0.4453,2,3153.4634575957352,10324,neg
10330,1.8786999999999998,7,3546.151795896068,10330,pos
10332,2.4758,46,3476.017467534068,10332,pos
10333,0.6779999999999999,21,3466.5363303688464,10333,pos
10335,2.4796,46,3099.2590613680572,10335,pos
10336,0.3104,10,3567.8403739617925,10336,pos
10337,2.2807,29,3394.6023337136985,10337,pos
10339,1.2001999999999997,33,3563.614946145634,10339,pos
10340,2.8008,71,3558.017756174654,10340,pos
10341,6.0855,37,3379.864923946812,10341,pos
10346,0.14289999999999997,23,2747.4940494212096,10346,pos
10347,-0.14700000000000002,18,3056.970900229197,10347,neg
10351,1.657,11,3517.146346701904,10351,pos
10354,1.8676,24,3608.1334268686574,10354,pos
10355,2.2963999999999998,18,3296.1593161850096,10355,pos
10356,-6.2048000000000005,31,3653.000336527418,10356,neg
10357,0.0,4,3663.053283978342,10357,neu
10363,1.6929,15,3595.0496534119866,10363,pos
10364,-0.6366999999999999,9,3545.523317537718,10364,neg
10365,0.3951,16,3391.445557102565,10365,pos
10370,1.4154,24,2872.4271641861037,10370,pos
10371,2.6863,47,3368.425909590469,10371,pos
10374,2.8541999999999996,35,3035.5225030407028,10374,pos
10375,3.7905999999999995,59,3553.724886030808,10375,pos
10380,8.2195,65,3128.2161972358053,10380,pos
10382,0.16189999999999993,13,2649.675618379152,10382,pos
10387,4.2669999999999995,26,3366.0841070945075,10387,pos
10396,0.8463999999999998,28,3381.906164255635,10396,pos
10407,3.0379,8,3536.467673286145,10407,pos
10412,2.0124999999999997,88,3137.4441049468983,10412,pos
10423,1.0143,10,3223.3348124449185,10423,pos
10432,5.4707,64,3659.846327637416,10432,pos
12880,1.343,14,3375.793236378293,12880,pos
12883,1.056,11,3257.599881890394,12883,pos
12918,4.8723,31,2697.421471559367,12918,pos
12920,0.32549999999999996,13,2938.024820758167,12920,pos
12924,0.7175,7,3646.1746600169295,12924,pos
12927,0.296,5,3346.8950393974606,12927,pos
12928,1.0846,8,3495.100535418236,12928,pos
12929,0.7124999999999999,20,3177.503308953694,12929,pos
12930,8.7636,69,3570.36441639152,12930,pos
12941,1.3348,23,3575.714924149872,12941,pos
12945,0.31739999999999985,38,3556.975605320763,12945,pos
12948,-4.7886999999999995,117,3532.5052971064442,12948,neg
12950,-2.9548,24,3601.043346976405,12950,neg
12951,2.6851,10,3394.337325178286,12951,pos
12952,0.7163999999999999,34,3471.4076138784944,12952,pos
12958,1.7917999999999998,29,3579.833576111899,12958,pos
12966,1.0859,3,3215.6226902108647,12966,pos
12969,0.16799999999999998,7,3525.819658568282,12969,pos
12970,1.8947,28,3250.7335716327407,12970,pos
12972,7.2355,45,3625.894969687279,12972,pos
12973,-0.38150000000000006,9,3184.9010069450164,12973,neg
12974,1.972,37,3289.9989971204664,12974,pos
12976,1.4203,11,3591.6515350064947,12976,pos
12977,5.2745999999999995,24,2968.4300829703584,12977,pos
12978,0.9864999999999999,16,3135.8011235083823,12978,pos
12979,-0.5404,25,2855.0,12979,neg
12985,-0.24269999999999992,33,3445.623901821379,12985,neg
12986,0.6907,30,3477.6968601559665,12986,pos
12987,-0.2249000000000001,37,3656.695878682322,12987,neg
12990,-0.6851,17,3120.892167395245,12990,neg
13000,7.5144,96,3393.0016550049822,13000,pos
13001,1.0665,41,3276.685019261344,13001,pos
13002,0.44959999999999994,11,3386.8417884085943,13002,pos
13007,-2.9189,46,3056.4152677471884,13007,neg
13011,1.7541,14,3632.169269053921,13011,pos
13014,2.1403,5,3431.182260113352,13014,pos
13017,1.2073,34,3209.9067815552044,13017,pos
13022,2.9471,11,3565.3097783120274,13022,pos
13025,1.1198,9,3061.382377116528,13025,pos
13027,1.789,23,3595.7767595481514,13027,pos
13029,1.8939000000000001,23,3119.499769654432,13029,pos
13038,4.5322,56,3565.5660833742754,13038,pos
13041,1.6064,26,3428.4725695239977,13041,pos
13044,0.7899,2,3392.268233296249,13044,pos
13045,2.1456,29,3386.4247782413427,13045,pos
13048,-0.00979999999999992,44,3272.7135197561174,13048,neu
13050,4.2514,20,3176.6320035272865,13050,pos
13051,0.40109999999999996,6,3084.569153725846,13051,pos
13052,3.3334,27,3291.888850038393,13052,pos
13053,0.0,6,3456.542853036092,13053,neu
13057,1.242,12,3010.125168349461,13057,pos
13059,0.9156999999999998,32,3482.740174644434,13059,pos
13062,4.0354,20,3619.9963251037034,13062,pos
13064,2.3181,62,3182.5810111841247,13064,pos
13067,0.9992,21,3363.6112189746586,13067,pos
13068,0.8794999999999998,22,3564.020193959383,13068,pos
13071,2.535,20,3093.6856066973573,13071,pos
13072,1.4813999999999998,28,3439.957774864202,13072,pos
13077,3.4516,36,2971.776214126929,13077,pos
13081,-1.8417000000000001,40,3637.3485042451634,13081,neg
13082,-15.3498,139,3181.6655436641013,13082,neg
13083,3.3937,77,3112.3835714584,13083,pos
13084,2.2251,25,3162.6047445137174,13084,pos
13086,-2.404,19,3615.9993615518456,13086,neg
13087,2.7471,15,3363.823237977576,13087,pos
13096,6.7419,63,3110.9807440061013,13096,pos
13097,2.4657999999999998,10,3610.441627455686,13097,pos
13110,0.296,5,3593.6121425683878,13110,pos
13114,3.8938,47,3520.369044229049,13114,pos
13135,0.3545,8,3255.748363905099,13135,pos
13141,2.4912,11,3534.170646758462,13141,pos
15652,-0.6529,15,2926.5967449151126,15652,neg
15654,1.6999,17,3504.839009746629,15654,pos
15663,0.296,9,3527.6536403455825,15663,pos
15666,1.2553,16,3261.620875469436,15666,pos
15669,0.9685999999999999,9,3470.133073788474,15669,pos
15682,2.7784999999999997,15,3647.916085575152,15682,pos
15684,1.4636,12,3410.4866349977024,15684,pos
15685,1.5944000000000003,71,3380.9160583988564,15685,pos
15688,-1.7459000000000002,17,3206.249125673104,15688,neg
15699,1.8552999999999995,97,3533.9819126797156,15699,pos
15704,2.662,37,3169.6724716092667,15704,pos
15710,1.4758,24,3394.6231607734385,15710,pos
15715,1.2487,10,3586.4133397176456,15715,pos
15719,3.4072,35,3261.982162730169,15719,pos
15721,0.7175,2,3644.3117755843455,15721,pos
15722,3.3245,21,3361.5983138255606,15722,pos
15723,1.1984,12,3605.4024114418994,15723,pos
15726,4.8722,44,3225.901439853953,15726,pos
15727,1.6063,25,3493.3639777702706,15727,pos
15728,1.2724,26,3628.932448921167,15728,pos
15729,0.5791999999999999,18,3659.8499459667237,15729,pos
15730,0.021700000000000053,40,3439.8364006144207,15730,neu
15731,8.9589,71,3362.605441321952,15731,pos
15732,4.4363,100,3622.065763771907,15732,pos
15736,1.0135,22,3258.5134233294866,15736,pos
15737,0.025600000000000005,5,3576.695303498664,15737,neu
15738,8.0416,29,3526.367491563223,15738,pos
15740,0.8066,2,3441.573900623214,15740,pos
15742,3.9621,18,3645.106745506598,15742,pos
15743,0.19930000000000003,9,3264.2974474561124,15743,pos
15744,-0.2666000000000003,29,3595.574896370345,15744,neg
15747,0.07860000000000006,14,3391.3989385393866,15747,pos
15749,1.5096999999999998,30,3235.211145024807,15749,pos
15751,2.6196,7,3278.6894282434337,15751,pos
15752,0.9351999999999999,38,3095.98248245649,15752,pos
15754,0.592,3,3454.5609749982664,15754,pos
15757,1.9445999999999999,10,3395.539207033132,15757,pos
15759,0.546,7,3345.3974765777675,15759,pos
15763,1.0709,13,2989.3912688934524,15763,pos
15766,2.0816999999999997,17,3545.2407587193948,15766,pos
15768,0.4273000000000001,37,3225.9992347743573,15768,pos
15771,-0.1214,12,3379.9674398890747,15771,neg
15774,3.4696000000000002,55,3505.4072378992705,15774,pos
15776,-1.8325999999999998,57,3196.4570969913443,15776,neg
15780,2.3567,51,3031.4814621130304,15780,pos
15781,3.0869999999999997,26,3196.0748645101507,15781,pos
15783,0.1164,10,3335.558466320057,15783,pos
15784,12.930299999999999,95,3649.9370453192064,15784,pos
15788,0.042300000000000004,12,3510.177417791156,15788,neu
15794,1.7062,15,3660.2233041071117,15794,pos
15795,2.4844999999999997,5,3115.193342788367,15795,pos
15797,7.0254,72,3093.535046371994,15797,pos
15799,2.8740000000000006,187,3647.6873847887737,15799,pos
15802,7.168900000000001,137,3539.602946819519,15802,pos
15812,0.33599999999999997,8,3436.91192594882,15812,pos
15814,-0.6636,6,3662.266501268425,15814,neg
15818,-13.9319,180,3042.304480288155,15818,neg
15821,1.5267,8,3046.733581147805,15821,pos
15824,0.6307999999999998,16,3335.90914434685,15824,pos
15827,0.0,9,3555.272066275853,15827,neu
15847,0.501,27,3665.154787709148,15847,pos
15848,1.8542999999999998,10,3264.3835950138214,15848,pos
15853,1.2928,19,3181.393080804852,15853,pos
15859,1.6847999999999999,27,3599.685405665954,15859,pos
15876,0.0,4,3327.474435246124,15876,neu
15930,0.46399999999999997,6,2994.0309620983076,15930,pos
18276,1.6352,9,3565.0084645778697,18276,pos
18293,1.2487,4,3286.2815446607965,18293,pos
18295,-6.9292,75,3521.7986963175586,18295,neg
18297,1.0875,12,3468.823492580448,18297,pos
18307,2.3775,18,3335.842379232476,18307,pos
18311,1.3189000000000002,5,2929.3064691362097,18311,pos
18319,-0.1643000000000001,14,3278.8246191868348,18319,neg
18323,1.1307,10,3306.599951774743,18323,pos
18324,1.0373999999999999,13,3307.387094959319,18324,pos
18326,-0.06530000000000014,30,3501.3913340842687,18326,neg
18328,3.0530999999999997,35,3541.0039892191926,18328,pos
18331,-0.09900000000000014,43,3645.1403721787337,18331,neg
18336,-0.022500000000000075,14,3285.0377642764383,18336,neu
18340,3.1667,17,3461.389995613335,18340,pos
18341,-0.9263,7,3215.116585566916,18341,neg
18344,1.3062999999999998,11,3665.462764050897,18344,pos
18348,12.553099999999999,72,3358.79855701842,18348,pos
18355,-0.4404,4,3654.9542124743466,18355,neg
18359,1.8532,7,3640.334092043625,18359,pos
18361,1.4186,21,3128.638279266006,18361,pos
18362,1.0278,15,3365.7961188500267,18362,pos
18365,-0.08800000000000002,66,3519.544208343429,18365,neg
18369,3.0074,33,3361.5306155296457,18369,pos
18371,-0.13739999999999997,14,3612.502585007948,18371,neg
18372,0.9485999999999999,30,3406.120633062504,18372,pos
18374,0.6534,11,3497.911850425592,18374,pos
18376,1.2838,4,3333.470269848314,18376,pos
18377,1.2142,15,3329.9855066717123,18377,pos
18382,-0.017000000000000015,7,3522.64238616575,18382,neu
18386,1.5017,6,3609.487077767441,18386,pos
18387,-0.6963,9,2971.154174288992,18387,neg
18388,1.7915,8,3619.673240680369,18388,pos
18394,0.0,20,3370.1631823795624,18394,neu
18401,0.9134,19,3496.467715440302,18401,pos
18408,3.4669,38,3369.807906770938,18408,pos
18411,0.22100000000000009,4,3190.6247950563443,18411,pos
18413,-0.2899,15,3567.804671459008,18413,neg
18419,-0.8833,13,3599.5859136031486,18419,neg
18427,0.8329999999999999,17,3352.2876763285494,18427,pos
18441,4.6122,93,3353.3529101929666,18441,pos
18442,1.7494,13,3169.677452962246,18442,pos
18443,-0.1598000000000001,30,3375.2142995777654,18443,neg
18444,1.3016,26,3589.349014906967,18444,pos
18445,2.0130999999999997,9,3413.8032380874097,18445,pos
18446,4.977600000000001,44,3188.7763224741666,18446,pos
18447,1.4313,24,3506.512907764185,18447,pos
18455,3.6308999999999996,25,3364.340366115107,18455,pos
18460,3.9549,30,3470.919637496186,18460,pos
18463,-0.5395000000000001,28,3654.880657132641,18463,neg
18466,1.1147,25,3205.493073575877,18466,pos
18467,-0.4265,20,3344.693992626063,18467,neg
18473,4.4269,58,2984.930327298538,18473,pos
18474,1.051,36,2948.712105933961,18474,pos
18475,0.8382,16,3511.0594203323644,18475,pos
18476,0.13439999999999996,14,3517.6479442268515,18476,pos
18481,2.4354,20,3292.5640035720853,18481,pos
18487,1.1792,20,3422.022462565675,18487,pos
18490,1.6197,18,3505.224352798456,18490,pos
18491,2.635,11,3108.259400059789,18491,pos
18496,2.5773,11,3417.7322957459965,18496,pos
18500,1.9148,9,3409.0809006500594,18500,pos
18501,4.6396999999999995,89,2979.358031292837,18501,pos
18578,-0.4528,47,3134.9020630129053,18578,neg
20946,0.5848,13,3651.5588243601305,20946,pos
20949,1.6206999999999998,24,3409.1829745096943,20949,pos
20951,8.172699999999999,50,3317.061908066002,20951,pos
20954,2.2237999999999998,20,3481.185344963235,20954,pos
20955,1.8806,18,3080.1105080064312,20955,pos
20956,1.3258999999999999,7,3291.030377702273,20956,pos
20969,2.5278,84,3588.826432947348,20969,pos
20972,-0.0701,9,3262.33630577416,20972,neg
20973,3.3449,66,2993.3814351492856,20973,pos
20975,2.7331000000000003,29,3027.846325815746,20975,pos
20976,2.9417999999999997,18,3198.2188660771794,20976,pos
20984,0.296,44,2619.7565056729472,20984,pos
20985,1.7832999999999999,19,3519.4189713693454,20985,pos
20986,2.4606,27,3498.632389813524,20986,pos
20987,0.4237,18,3258.484971304092,20987,pos
20988,0.77,8,3649.201823460286,20988,pos
20991,0.956,12,3236.0785465021613,20991,pos
20993,0.47699999999999987,7,3526.140429482424,20993,pos
20994,3.4562999999999997,37,3485.339104101745,20994,pos
20995,-1.8092,38,3421.160283882628,20995,neg
20998,0.76,10,2796.0144062639924,20998,pos
20999,0.8595,29,3328.093685959807,20999,pos
21004,2.7620999999999998,29,3616.637696457163,21004,pos
21016,3.4121,28,3565.7532982979383,21016,pos
21020,1.4481,18,3498.730650916239,21020,pos
21021,0.9738,9,3377.024312929286,21021,pos
21023,2.276,10,3414.2430376290345,21023,pos
21024,1.6257,9,3435.994288017864,21024,pos
21025,1.0947,22,3120.7259349118644,21025,pos
21026,1.6878000000000002,39,3433.1420376454635,21026,pos
21028,0.16799999999999998,10,3127.827258834433,21028,pos
21029,2.8647,6,3518.079456361309,21029,pos
21030,0.27390000000000003,4,3559.5913402980414,21030,pos
21033,0.6618999999999999,6,2757.8035780794685,21033,pos
21037,1.8728,23,3625.841693221161,21037,pos
21039,-0.9617,13,3542.4684293970267,21039,neg
21040,1.2838,3,3653.024339874602,21040,pos
21041,-0.1411,13,3117.681865906469,21041,neg
21042,0.9878,3,3492.61517838888,21042,pos
21047,2.3069,9,3270.690574327344,21047,pos
21048,0.20970000000000005,11,3392.7269758649154,21048,pos
21051,0.2747,11,3611.7724433063854,21051,pos
21055,0.592,4,3322.857678895833,21055,pos
21056,0.7765,50,3204.5460694853323,21056,pos
21059,0.122,10,3507.303450913093,21059,pos
21061,1.8316999999999999,16,3211.5213268584434,21061,pos
21065,-1.5278,7,3512.194659299946,21065,neg
21066,2.2969,23,3093.3051435429625,21066,pos
21070,2.5945,12,3625.5682802693714,21070,pos
21071,0.9209,13,3537.0289929460714,21071,pos
21075,1.2446,19,3278.2736527402144,21075,pos
21077,1.5983,5,3091.7981286972945,21077,pos
21078,1.7961999999999998,16,3325.5516334210006,21078,pos
21079,3.78,22,3570.9914182798184,21079,pos
21085,11.5939,106,3604.480701258951,21085,pos
21087,3.0791999999999997,28,3551.572208094585,21087,pos
21089,0.19379999999999997,5,3257.6935268681145,21089,pos
21092,1.7625,11,3260.857957783716,21092,pos
21099,1.3359,5,3421.8837745899364,21099,pos
21100,-0.09300000000000014,18,3135.868363271404,21100,neg
21113,0.3895,11,3535.953562568013,21113,pos
21116,3.2893999999999997,19,2880.4576974270444,21116,pos
21119,1.1542999999999999,20,3596.729159868485,21119,pos
21121,0.9242,7,3467.646781116121,21121,pos
21122,2.5054,23,3263.340211289453,21122,pos
21130,0.8038,9,3634.0014687688345,21130,pos
21131,1.2801,11,3397.30891165964,21131,pos
21138,0.9048,3,3166.8673747444664,21138,pos
21147,0.5114000000000001,7,3654.4027586512607,21147,pos
21166,4.9758,53,3566.537441715992,21166,pos
23525,-0.20319999999999994,31,3511.0652400358176,23525,neg
23554,0.11509999999999998,25,3492.304214512352,23554,pos
23557,2.9524999999999997,9,3511.082519399927,23557,pos
23564,3.9497999999999998,14,3522.6747935003264,23564,pos
23574,2.9291,10,3589.133884823391,23574,pos
23579,-2.8943000000000003,45,3496.64431683764,23579,neg
23580,2.668799999999999,109,3489.6445712906057,23580,pos
23585,-0.7222,17,3656.1244058862094,23585,neg
23589,2.9078,16,3593.1636078516344,23589,pos
23593,2.5147,19,3416.7853546338206,23593,pos
23600,2.4034999999999997,8,3495.122059169737,23600,pos
23602,1.2698,7,3360.508975618606,23602,pos
23603,0.5312999999999999,36,3091.825062598196,23603,pos
23604,0.32389999999999997,7,3616.9002141184255,23604,pos
23606,1.5641999999999998,12,3527.2150248136963,23606,pos
23612,2.6604,29,3569.0617116612884,23612,pos
23613,3.3973,39,3010.662348560709,23613,pos
23614,4.0819,71,3161.9274839264594,23614,pos
23615,6.4252,19,3622.137244640701,23615,pos
23616,4.4005,36,3407.9127199002005,23616,pos
23618,5.4277999999999995,32,3413.673515819807,23618,pos
23620,1.3893,27,3200.7017918785364,23620,pos
23623,-1.6192,20,3291.593285550137,23623,neg
23628,2.8070999999999997,38,3519.1951672375717,23628,pos
23629,4.2118,35,3166.887104164477,23629,pos
23637,1.4139,24,3622.349471276649,23637,pos
23638,1.0341999999999998,20,3099.060565079531,23638,pos
23641,0.296,5,3626.065218890856,23641,pos
23644,3.1685,13,3050.3369124270966,23644,pos
23646,3.4989,21,3509.4571353842634,23646,pos
23653,1.6244,6,3321.755780152334,23653,pos
23654,2.4952,12,3650.480547980178,23654,pos
23656,-5.9132,40,3505.851433100705,23656,neg
23665,2.8813999999999997,27,3552.0083367745374,23665,pos
23670,2.2508999999999997,9,3602.4330479120463,23670,pos
23674,-17.679100000000002,130,2936.327534650473,23674,neg
23676,-1.0585,86,3057.799153918766,23676,neg
23677,2.8251999999999997,23,3299.135802294681,23677,pos
23679,0.7865,8,3389.654338400954,23679,pos
23680,0.8996999999999999,7,2969.7092699830832,23680,pos
23685,7.5383000000000004,82,3505.9700179755123,23685,pos
23686,1.8659,27,3637.210914101821,23686,pos
23691,4.8995,34,3432.93254301826,23691,pos
23695,2.3355,32,2867.353333559783,23695,pos
23696,1.3697,70,3555.7688751149967,23696,pos
23699,1.6193999999999997,117,3417.7621850953874,23699,pos
23700,2.0032,13,3029.626803125129,23700,pos
23702,-0.19069999999999998,8,3537.175555734261,23702,neg
23711,1.5748,13,3349.2848169476856,23711,pos
23718,-0.8512000000000002,24,3301.939629183484,23718,neg
23719,0.0,3,3564.848834400624,23719,neu
23721,0.0676,10,3506.898082678012,23721,pos
23723,-2.0277,15,3614.318498219463,23723,neg
23726,0.5024000000000001,8,3569.156684513223,23726,pos
23727,1.9632,9,3051.539995942824,23727,pos
23729,-0.8605999999999999,11,3604.749678161355,23729,neg
23732,0.5600999999999999,13,3501.8127629732367,23732,pos
23733,3.9158,39,3489.4272795149523,23733,pos
23734,0.9317999999999999,12,3407.0850046850524,23734,pos
23745,1.4754,24,3233.710104510181,23745,pos
23747,1.8859999999999997,11,3603.533628324005,23747,pos
23751,0.042800000000000005,26,3511.0870665405955,23751,neu
23760,1.5082999999999998,38,3553.4063461464384,23760,pos
23772,-0.15389999999999993,48,2867.6483043594235,23772,neg
23776,2.7668999999999997,32,3148.6278283551223,23776,pos
23777,4.8149999999999995,24,2980.2736335796194,23777,pos
23779,1.8794,9,3491.582722836157,23779,pos
23783,-1.1881000000000002,23,3655.119425219085,23783,neg
23837,2.2819000000000003,6,3552.3006220982093,23837,pos
26263,4.294,38,3580.309665550654,26263,pos
26297,2.1915999999999998,29,3573.279558834935,26297,pos
26309,1.3281999999999998,11,3545.0731907750082,26309,pos
26310,7.2153,51,3656.6597627431634,26310,pos
26316,2.6925999999999997,18,3550.8785467975704,26316,pos
26322,0.592,3,3297.80808365526,26322,pos
26338,0.6856,10,3286.128628255563,26338,pos
26340,0.3659,14,3323.6786821587843,26340,pos
26341,4.8106,19,3403.244449883028,26341,pos
26343,7.8941,44,3425.927174205867,26343,pos
26348,-0.21269999999999994,11,3306.540186299704,26348,neg
26358,-0.5688000000000001,80,2612.9331088679623,26358,neg
26360,0.0,1,2956.9734540053432,26360,neu
26361,1.6063,10,3537.999936605309,26361,pos
26362,2.3602,10,3304.1952986104125,26362,pos
26363,1.8276,29,3449.132703793503,26363,pos
26364,2.7286,19,2978.1330234564657,26364,pos
26367,3.9551,24,2965.54000567316,26367,pos
26368,-1.7048,7,3444.0177707043754,26368,neg
26369,0.09909999999999997,6,3248.1231429299546,26369,pos
26373,2.8024,20,3601.6101994563314,26373,pos
26378,-0.06640000000000013,8,3372.113125628569,26378,neg
26382,0.0,1,3650.971453681133,26382,neu
26383,2.2717,44,3599.183236648107,26383,pos
26384,0.8457999999999999,6,3458.160940612557,26384,pos
26389,1.2598,8,3140.2525633010505,26389,pos
26396,0.6319999999999999,10,3583.8615201765824,26396,pos
26397,0.4739,3,2750.271337560697,26397,pos
26400,-0.13870000000000005,14,3647.93319543284,26400,neg
26406,0.8502999999999998,31,2794.907436353701,26406,pos
26410,0.9466999999999999,15,3254.466846295798,26410,pos
26414,-0.07340000000000002,22,3433.2640911915423,26414,neg
26415,1.3676,35,3369.4568896307032,26415,pos
26422,1.6625999999999999,9,3541.9498565878625,26422,pos
26424,0.07580000000000009,17,3167.6869749475627,26424,pos
26431,1.0859,4,3424.849038858252,26431,pos
26433,1.8296999999999999,34,3303.271187270371,26433,pos
26436,1.9697,21,3641.268887855292,26436,pos
26437,-1.7643000000000002,21,3294.86472516622,26437,neg
26439,2.2126,9,3045.07619435015,26439,pos
26441,1.8431,8,2664.358646683699,26441,pos
26445,-0.7433,16,3132.725230667735,26445,neg
26447,1.3794,18,3502.3292133759605,26447,pos
26454,-0.4149,7,3527.1876521601603,26454,neg
26455,-0.34309999999999996,6,3594.9146566581717,26455,neg
26457,1.3809,15,3285.6686435861848,26457,pos
26458,2.4141,25,3455.095959942989,26458,pos
26459,0.8251999999999999,9,3543.506216449989,26459,pos
26464,5.7722,56,3632.7445585329356,26464,pos
26465,0.5859,4,2665.056807738043,26465,pos
26466,1.6188,10,3016.7862719809173,26466,pos
26467,0.296,1,3531.625476429206,26467,pos
26468,2.3842,9,3640.781204760643,26468,pos
26469,1.1482999999999999,8,3407.422998911281,26469,pos
26473,3.145,17,2952.8323142371405,26473,pos
26478,2.5306,24,3474.781386207665,26478,pos
26481,-1.1753,6,2798.201358978109,26481,neg
26484,0.0,4,2969.823956303468,26484,neu
26489,0.7175,4,3396.2044266447374,26489,pos
26490,1.7608,36,3406.925147073063,26490,pos
26494,1.0194999999999999,16,3135.513431398201,26494,pos
26495,2.4631,21,3628.4629174993424,26495,pos
26499,-2.7125,19,3240.943154195978,26499,neg
26507,0.5285,7,3634.505400965784,26507,pos
26510,1.6129,36,2754.2227093706206,26510,pos
26561,1.8742999999999999,16,3532.9754652553675,26561,pos
28883,1.5834,20,3521.6387214999404,28883,pos
28888,-0.1027,2,3401.728471660423,28888,neg
28902,2.5645,26,3489.128427357393,28902,pos
28906,0.3182,9,3474.07423995146,28906,pos
28912,0.0,59,3267.2031340608105,28912,neu
28916,6.4325,38,3013.851697360298,28916,pos
28917,1.8061,64,3154.592814085044,28917,pos
28919,0.6111,14,3447.706158834455,28919,pos
28920,1.7368,13,3083.0124397309514,28920,pos
28924,-0.256,41,3043.526950814543,28924,neg
28927,1.7340999999999998,19,3617.6639117499253,28927,pos
28930,-0.14689999999999998,17,3448.0630083870706,28930,neg
28935,2.4795,10,3665.1882406764717,28935,pos
28941,1.0772,12,2649.5092277079384,28941,pos
28942,2.2619999999999996,9,2824.5835823874,28942,pos
28944,2.7382,13,3491.9078830570425,28944,pos
28948,0.7539,21,3010.045070559254,28948,pos
28950,0.4939,1,3439.393670281868,28950,pos
28951,1.0135,3,3487.7851763362582,28951,pos
28953,0.8436999999999999,8,3442.64929326508,28953,pos
28954,2.0571,15,2719.531942719244,28954,pos
28955,1.4122,89,3533.030492041993,28955,pos
28956,0.16799999999999998,2,3655.052891643499,28956,pos
28959,1.4002999999999999,31,3480.033852760336,28959,pos
28960,1.1852,20,3380.122828800443,28960,pos
28961,1.3284,7,3544.6314143538584,28961,pos
28962,3.2601999999999998,44,2838.588143162849,28962,pos
28963,1.8841999999999999,43,3301.121462793591,28963,pos
28967,1.5974,15,3457.2549835294967,28967,pos
28968,8.0041,134,3553.8400591202017,28968,pos
28970,-1.1365,50,3110.87130549304,28970,neg
28973,4.0911,26,3527.3206496091993,28973,pos
28974,0.9226,19,3186.8319332846418,28974,pos
28977,4.5108,51,3128.6903094053,28977,pos
28978,2.4308,17,3095.1382573056303,28978,pos
28981,1.2397,5,3136.7362148649136,28981,pos
28987,2.0890999999999997,48,3351.338669354652,28987,pos
28988,0.296,2,3306.187224038294,28988,pos
28991,3.7255,9,3085.390987348036,28991,pos
28992,-0.08800000000000002,9,3631.537646713517,28992,neg
28995,0.9097999999999999,11,3446.461969474172,28995,pos
28996,2.1583,40,3517.025655693069,28996,pos
29000,1.8795,10,3230.67237740052,29000,pos
29008,2.798,21,3635.2096701562746,29008,pos
29009,0.8066,7,3590.648971017031,29009,pos
29011,0.0,12,3349.415908673973,29011,neu
29012,-2.5907,31,3650.287433869365,29012,neg
29015,0.08829999999999999,39,3364.254000959012,29015,pos
29016,1.0638,63,3630.666019528723,29016,pos
29017,0.8409,17,2820.1101283767703,29017,pos
29018,0.31609999999999994,10,3443.871064987964,29018,pos
29019,-0.08420000000000005,47,3524.38929041066,29019,neg
29021,2.8966,17,3581.4578877408326,29021,pos
29023,2.2883,6,2872.505775759472,29023,pos
29026,0.847,11,3451.324160004838,29026,pos
29034,5.9349,61,3386.9104437258684,29034,pos
29035,0.29450000000000004,22,3375.2743376187805,29035,pos
29039,-2.5569,37,3358.7921413675426,29039,neg
29041,3.1037999999999997,16,2947.6891659414314,29041,pos
29042,1.2238,19,3424.773156448998,29042,pos
29048,6.3932,25,3594.474482519167,29048,pos
29051,3.1163,27,3480.55938414834,29051,pos
29053,4.0149,26,3468.700928941981,29053,pos
29068,3.8281,23,3030.4535816442426,29068,pos
29079,1.7456999999999998,39,2678.6331872015835,29079,pos
29116,1.2641,43,3600.0288675824895,29116,pos
31314,2.0374,6,3557.4398641219773,31314,pos
31334,0.95,10,3165.0771834615352,31334,pos
31342,2.923,31,3132.805182191365,31342,pos
31343,1.7813999999999999,18,3612.012973548705,31343,pos
31344,0.0,2,3655.402090980977,31344,neu
31345,1.8214,12,3615.219264491125,31345,pos
31350,0.296,4,3367.0606822122586,31350,pos
31352,3.3276999999999997,14,3019.094805685504,31352,pos
31366,1.5074,6,3538.723558090533,31366,pos
31371,0.7051,9,3220.209636019835,31371,pos
31374,1.7611999999999999,11,3307.9934587148764,31374,pos
31375,1.3418999999999999,17,3665.4951887331968,31375,pos
31376,0.26199999999999996,4,3302.633633077902,31376,pos
31378,1.3819,7,3338.726204343792,31378,pos
31384,1.8626,6,3146.9137806442,31384,pos
31386,4.0658,39,3640.1512746355693,31386,pos
31388,1.3473,19,3433.9122836868387,31388,pos
31390,-3.5994,72,3475.563028565643,31390,neg
31391,0.7119,12,3251.5772376122927,31391,pos
31394,0.11529999999999996,16,3627.080977645852,31394,pos
31397,-0.02900000000000008,8,3546.300365960463,31397,neu
31400,3.3655999999999997,22,3146.0176568655165,31400,pos
31404,1.8812,15,2927.0808866687416,31404,pos
31405,-0.2569,12,3383.7259958943955,31405,neg
31406,0.7936,8,3044.86811518769,31406,pos
31409,1.0534999999999999,7,3095.212198602145,31409,pos
31411,1.3986999999999998,14,3553.962050937162,31411,pos
31414,-2.4507,15,3069.6116464764787,31414,neg
31415,2.6107,12,3601.0156690131676,31415,pos
31419,0.26320000000000005,8,3436.4784745307,31419,pos
31423,0.9776999999999999,34,3429.2903622605136,31423,pos
31424,1.0135,7,3170.505770928903,31424,pos
31425,0.8879999999999999,11,3661.999039283406,31425,pos
31426,1.6055,12,3641.059775807977,31426,pos
31428,0.7011000000000001,8,2704.6276673418606,31428,pos
31433,1.3318999999999999,50,3291.2485564680155,31433,pos
31434,4.6145,43,3626.8797216146704,31434,pos
31436,1.3764,4,3415.087210718103,31436,pos
31440,0.9878,9,3198.8100010451376,31440,pos
31444,6.4774,52,3362.1535237363205,31444,pos
31446,1.7496999999999998,22,3492.255700462976,31446,pos
31447,0.11260000000000014,30,3388.459014168916,31447,pos
31451,1.2540999999999998,58,3644.211566513512,31451,pos
31452,-0.126,16,3220.787527183551,31452,neg
31453,2.0161,11,3628.972186161156,31453,pos
31455,1.9645999999999997,114,3585.878910653756,31455,pos
31457,6.6998999999999995,33,3466.532146584244,31457,pos
31459,1.8802,28,2712.3909783599656,31459,pos
31466,3.4254,26,2985.843515952593,31466,pos
31469,2.3366000000000002,76,3042.025398908896,31469,pos
31470,0.12120000000000003,23,3348.4408987225224,31470,pos
31472,1.0525,15,3500.932879759178,31472,pos
31473,6.5754,25,3654.328978127071,31473,pos
31474,1.9172,7,2640.9481833380437,31474,pos
31478,-0.2957000000000001,14,3447.802268978216,31478,neg
31479,1.7622999999999998,25,3588.7903249358114,31479,pos
31484,5.1512,28,3102.8563930398423,31484,pos
31486,0.5619999999999998,41,3515.6520047000854,31486,pos
31487,1.5245,29,3637.105228125657,31487,pos
31488,-0.35750000000000004,9,3161.9362567252024,31488,neg
31490,2.6454,8,3570.3977881839487,31490,pos
31494,0.8363999999999999,4,3483.642064332053,31494,pos
31495,3.5922,20,3626.0004976127175,31495,pos
31496,2.8289999999999997,31,3550.236000674113,31496,pos
31497,3.3766,23,3036.6297749870723,31497,pos
31503,-0.6641,27,3364.3568915629894,31503,neg
31507,0.9612999999999999,22,3551.6469386235785,31507,pos
31509,1.578,23,3178.507012719103,31509,pos
31516,10.7219,54,3439.6498233116413,31516,pos
31518,0.9794999999999999,17,3280.9361430687063,31518,pos
31520,5.6295,49,3537.983112267724,31520,pos
31521,2.5606999999999998,22,3570.520176415668,31521,pos
31523,2.6112,14,3086.4619426683216,31523,pos
31528,2.2460999999999998,80,3637.1829704308243,31528,pos
31542,3.4869999999999997,34,3648.141899498967,31542,pos
31547,2.0446,26,3576.031280005531,31547,pos
31596,2.4959,35,3360.174001340489,31596,pos
33867,0.6168999999999998,32,3513.8489252531685,33867,pos
33876,1.8731,12,3509.2591782379445,33876,pos
33884,1.9297,18,3160.1940633060576,33884,pos
33887,1.7076,30,3628.8665489468576,33887,pos
33888,0.5894999999999999,5,3150.585431240942,33888,pos
33889,3.0168,26,3318.7399489261693,33889,pos
33891,9.1286,31,3502.480304736184,33891,pos
33892,0.592,5,3557.6102247915683,33892,pos
33899,2.7603999999999997,18,3443.6762384970566,33899,pos
33900,1.9084999999999999,46,2765.9677513048614,33900,pos
33903,4.352,21,3474.308045925833,33903,pos
33904,1.5087,16,2980.0817426733743,33904,pos
33905,1.6853,6,2983.0821284332246,33905,pos
33907,3.9024,63,3661.5316562472144,33907,pos
33909,3.4601,8,3596.924933091484,33909,pos
33910,0.4404,1,3357.424465468532,33910,pos
33911,1.9262,13,3560.984268008416,33911,pos
33912,2.8669,22,3616.0531119658353,33912,pos
33916,0.8515,11,3213.615469696817,33916,pos
33919,4.4047,70,3150.4706570713897,33919,pos
33921,3.4177999999999997,80,3296.279902441732,33921,pos
33923,2.5585,19,3297.851275616624,33923,pos
33925,1.5687,28,3376.398358785083,33925,pos
33929,3.0934999999999997,188,3443.7285763662026,33929,pos
33930,0.44399999999999995,18,3342.395879979798,33930,pos
33933,0.014799999999999924,18,3564.6740459704542,33933,neu
33934,1.5545999999999998,29,3614.863796805628,33934,pos
33937,-1.1805999999999999,23,3533.292541244437,33937,neg
33938,-0.20249999999999996,14,3454.6478592533217,33938,neg
33939,0.39549999999999963,51,3628.9480589650266,33939,pos
33940,0.034599999999999964,6,3312.984367553641,33940,neu
33941,2.4334,12,3064.8964050646523,33941,pos
33943,1.9509,19,3187.7758789843583,33943,pos
33945,1.9342,30,3463.66099790494,33945,pos
33950,1.7355999999999998,11,2811.135654509508,33950,pos
33954,4.7671,48,3160.2288904470474,33954,pos
33957,0.8422000000000001,24,3127.5164047883322,33957,pos
33958,-3.872,62,3506.9589219653026,33958,neg
33967,5.102,27,3219.483486349283,33967,pos
33968,1.8797,16,3326.927811143374,33968,pos
33973,-0.1951,8,3053.355908688368,33973,neg
33977,-1.6471,26,2610.261961287179,33977,neg
33978,3.517899999999999,116,3204.478033463358,33978,pos
33980,0.4411,15,3273.9263966983435,33980,pos
33986,4.8248999999999995,21,3527.5134753917746,33986,pos
33998,-0.7729,25,3619.39876347242,33998,neg
34002,4.0967,26,3552.146668314308,34002,pos
34003,1.2272,13,3577.616677170913,34003,pos
34007,0.3699,3,3619.751531472159,34007,pos
34009,0.5592,5,3634.896232605565,34009,pos
34011,0.7899,3,3007.9053160277194,34011,pos
34012,1.1815,12,3403.172798531896,34012,pos
34013,1.0142,28,3639.569496621842,34013,pos
34019,3.8851,58,3644.462589614425,34019,pos
34020,4.79,18,3634.709586862932,34020,pos
34021,3.1283,20,3615.042954305226,34021,pos
34022,3.0803,17,3560.612830410225,34022,pos
34023,-0.9690000000000001,17,3314.194155555242,34023,neg
34024,0.0,14,3346.2151464608646,34024,neu
34025,1.0909999999999997,39,3348.535324788181,34025,pos
34029,0.592,3,3457.0707355968884,34029,pos
34030,1.7729,21,3409.558276448671,34030,pos
34031,1.6666,29,3053.032203765338,34031,pos
34037,3.6788999999999996,29,3215.462266979839,34037,pos
34041,-0.01920000000000005,6,3375.703364415556,34041,neu
34043,0.35409999999999997,35,3444.056153104055,34043,pos
34044,5.6621,22,3260.508645656522,34044,pos
34045,0.9522999999999999,10,3659.708727872055,34045,pos
34048,3.5685,62,3224.08265343333,34048,pos
34053,2.3243,30,3023.576719582817,34053,pos
34054,4.2387,40,3515.523393365708,34054,pos
34064,5.667,18,3361.256018204127,34064,pos
34068,0.9665999999999999,17,2077.6324452394565,34068,pos
34076,-0.6501000000000001,14,3571.574880428947,34076,neg
34083,1.185,29,3457.217500586239,34083,pos
34096,1.1173,19,3164.404523865215,34096,pos
36474,0.7415,8,3509.048107599769,36474,pos
36487,12.0665,93,3533.413676929175,36487,pos
36489,1.6373,10,2925.362140407309,36489,pos
36491,3.5926,32,3329.4193915194983,36491,pos
36497,0.296,1,2895.430689367224,36497,pos
36502,-0.19950000000000023,47,3616.258819523107,36502,neg
36505,-0.2688999999999999,16,3228.555495080212,36505,neg
36507,3.5002,23,3179.5859207922363,36507,pos
36513,1.0399,17,3079.210566755408,36513,pos
36514,-0.8532000000000002,7,3100.8246241304173,36514,neg
36515,2.9478,15,2920.284243666209,36515,pos
36516,1.6716,87,3422.8208500352052,36516,pos
36518,3.5613,28,3538.5746671122515,36518,pos
36519,2.5556,9,3399.067767350653,36519,pos
36520,1.5594999999999999,6,3350.7684269540246,36520,pos
36521,4.0123,33,3273.4426082340474,36521,pos
36525,-0.5423,13,3466.6069520374213,36525,neg
36532,4.0626999999999995,59,3437.644710232055,36532,pos
36536,2.9554,21,3538.188314384627,36536,pos
36546,2.3442,9,3046.507438794193,36546,pos
36549,0.8879999999999999,11,3293.2538665347897,36549,pos
36552,0.7362,17,3536.452267069897,36552,pos
36553,3.4089,29,3327.142817809163,36553,pos
36555,2.9825,37,3222.5129209039164,36555,pos
36556,0.33810000000000007,84,3633.758485031183,36556,pos
36557,0.5458999999999999,7,3581.1968176859737,36557,pos
36566,1.3034,5,2947.291869014647,36566,pos
36576,0.296,6,3099.393988808215,36576,pos
36577,0.6637,35,3398.295060283386,36577,pos
36579,0.636,7,3544.813632456576,36579,pos
36582,3.5812,39,2700.6990457712955,36582,pos
36586,2.0663,30,3479.4959877213623,36586,pos
36587,0.03999999999999998,4,3507.9579583086806,36587,neu
36589,0.004000000000000017,68,3277.300374403973,36589,neu
36590,-1.453,25,3365.3009023496725,36590,neg
36595,2.3053,34,3411.3118588469983,36595,pos
36596,1.6055,12,3425.0812392893117,36596,pos
36603,0.0,3,3379.0870053588137,36603,neu
36604,19.622,218,3565.429961781236,36604,pos
36611,1.0102,13,3114.379090325253,36611,pos
36612,0.7064999999999999,6,3320.182311941184,36612,pos
36613,0.7899,3,3064.0753921241353,36613,pos
36614,1.5074,10,2687.554294215184,36614,pos
36615,1.9855,41,2786.6818173717807,36615,pos
36616,3.1334,15,3190.948337687633,36616,pos
36617,0.6645999999999999,14,3012.900471783818,36617,pos
36619,8.879,128,2700.8651889705243,36619,pos
36625,-0.6642000000000001,24,3388.7254631612395,36625,neg
36629,0.22879999999999995,8,3252.9596900878096,36629,pos
36632,1.5521000000000003,27,2864.8727205632417,36632,pos
36635,1.9528999999999999,21,2488.9161832191794,36635,pos
36636,3.7944999999999998,51,3648.153533296057,36636,pos
36639,-0.15469999999999995,4,2964.4007611944203,36639,neg
36643,2.0158,15,3659.105424420452,36643,pos
36645,0.9932000000000001,19,3523.4044266097694,36645,pos
36649,3.4595,24,3284.2194812219027,36649,pos
36652,-1.0224,8,3380.6894504548195,36652,neg
36655,1.3776,72,3582.922881516042,36655,pos
36657,1.3232,15,3318.670417242205,36657,pos
36659,2.646,25,3595.3727381715075,36659,pos
36661,0.7124,11,3336.903727072028,36661,pos
36662,1.5932,7,3399.3260174095435,36662,pos
36665,-0.3485,45,2624.7495073089262,36665,neg
36667,1.6208,22,3090.159157229835,36667,pos
36668,2.2036,7,3043.107211449776,36668,pos
36669,-0.6098999999999999,12,3476.8480033466544,36669,neg
36671,0.9934,10,3242.9787157243145,36671,pos
36672,0.0,7,3526.39634686698,36672,neu
36676,0.20799999999999996,18,3434.3708281239683,36676,pos
36700,1.1892,19,3368.961904622976,36700,pos
39056,0.34809999999999997,5,3417.60733109238,39056,pos
39064,0.03719999999999998,16,3565.7532982979383,39064,neu
39068,1.0615999999999999,27,3639.313271291752,39068,pos
39072,5.3292,25,3225.0884504789205,39072,pos
39077,0.7899,6,3264.4595864694325,39077,pos
39078,2.4264,15,3120.716140393125,39078,pos
39080,2.2767999999999997,5,3398.612547541908,39080,pos
39081,1.0859,10,3274.1788926346285,39081,pos
39082,2.7026999999999997,58,2586.808090622648,39082,pos
39083,3.4198999999999997,28,3465.4450222591563,39083,pos
39085,0.3896,4,3500.329039210984,39085,pos
39088,-0.21150000000000002,6,3593.880269373524,39088,neg
39097,2.9375,16,3513.1404132808893,39097,pos
39099,2.1258,8,3146.025135308409,39099,pos
39107,0.7899,2,3451.6574976249594,39107,pos
39118,0.2503999999999999,11,3446.435699972629,39118,pos
39121,1.0051999999999999,15,3261.119713847138,39121,pos
39127,1.6928999999999998,9,3582.83960474924,39127,pos
39128,2.3122,26,3640.838657786916,39128,pos
39129,4.4963,84,3232.1151369972386,39129,pos
39131,1.3869999999999998,20,3566.305884635699,39131,pos
39134,1.7777,7,3616.485030484917,39134,pos
39136,1.6355,6,3522.8692086144843,39136,pos
39143,0.19690000000000002,39,3480.867599796554,39143,pos
39145,0.7965,7,3607.382464571567,39145,pos
39148,0.803,29,3378.684601943932,39148,pos
39149,1.0135,3,3256.812148724459,39149,pos
39150,3.4064,91,2979.0330020604656,39150,pos
39153,1.3387,4,3556.6329178980463,39153,pos
39154,1.3819,7,3567.4856780516607,39154,pos
39160,2.9745,20,3504.097212142573,39160,pos
39164,0.07319999999999993,25,3578.335667180449,39164,pos
39165,-0.26760000000000006,124,3643.8668299501614,39165,neg
39166,2.2438,15,2910.31265947215,39166,pos
39167,0.296,5,3610.6136752096368,39167,pos
39171,0.3732,3,3359.425795168768,39171,pos
39173,1.5497,16,3570.005834137703,39173,pos
39174,1.9121,30,2978.039372941967,39174,pos
39175,0.9639,18,3553.399713601953,39175,pos
39176,4.5394,21,2330.6680056752984,39176,pos
39177,0.1544,5,3362.4031351836647,39177,pos
39180,-2.1016,34,3470.609517662361,39180,neg
39182,-0.9692,13,3127.871170861496,39182,neg
39183,0.259,23,3263.471545148413,39183,pos
39184,3.277,52,3132.3112976292355,39184,pos
39185,3.1304000000000003,95,3354.961577663083,39185,pos
39186,1.425,19,3141.539163573877,39186,pos
39188,2.2876,9,2769.293381022472,39188,pos
39189,4.5107,38,3264.570057607316,39189,pos
39190,0.19079999999999997,9,3418.5291798761173,39190,pos
39191,-2.2049,43,3125.8477453389805,39191,neg
39194,3.0597,26,3108.44071721038,39194,pos
39197,4.6864,76,3480.380886243119,39197,pos
39198,-0.5616,19,3151.815194747771,39198,neg
39201,-2.1209,46,3005.342711371591,39201,neg
39202,2.3114,10,3583.814128095945,39202,pos
39203,0.7901999999999998,7,3187.398542424482,39203,pos
39215,1.2901,35,2863.62208858568,39215,pos
39218,3.9859,17,3438.180063064865,39218,pos
39221,0.669,9,3329.917785276317,39221,pos
39222,0.14779999999999988,20,3577.455166650731,39222,pos
39224,2.0933,7,3539.099382472487,39224,pos
39232,2.0233999999999996,15,3416.399065680522,39232,pos
39236,0.7175,2,3497.744766882884,39236,pos
39250,2.1737,45,3366.613249929181,39250,pos
39254,1.4677,9,3650.5619927812545,39254,pos
39259,2.6965,50,3545.584874872645,39259,pos
41530,-0.9404999999999999,6,3652.8094908232015,41530,neg
41544,2.5688,20,2820.9131777532075,41544,pos
41548,7.7491,54,3478.329899975793,41548,pos
41555,1.9171,13,3600.9009080973924,41555,pos
41566,1.8451,20,3659.506946282238,41566,pos
41574,1.2919,4,3273.9191707003206,41574,pos
41582,1.9137,18,3506.9601740708326,41582,pos
41588,2.1525,22,2251.6033627765023,41588,pos
41590,-0.9174,9,3511.1907188116675,41590,neg
41595,0.9996,10,3330.058458778543,41595,pos
41602,-4.426200000000001,77,3170.423577997954,41602,neg
41606,6.6846,32,2785.511643073995,41606,pos
41608,0.14869999999999994,24,3067.5256463720866,41608,pos
41613,0.8291999999999999,13,3374.758684099017,41613,pos
41620,2.1550000000000002,14,3373.991020999751,41620,pos
41623,1.7057,12,3587.6486543388,41623,pos
41629,1.3855000000000002,57,3451.4570679314475,41629,pos
41638,4.1923,31,2972.481486760935,41638,pos
41643,3.4714,28,3466.0273362437542,41643,pos
41645,1.2114,5,3535.761222265219,41645,pos
41648,3.6532999999999998,22,3647.5271881793665,41648,pos
41654,2.612,20,3372.2732141412357,41654,pos
41657,2.5282,20,3436.0435206563297,41657,pos
41658,0.25,3,2875.1954222612744,41658,pos
41664,0.0,3,3311.6280088112467,41664,neu
41669,-1.7908,32,3608.209233300395,41669,neg
41670,2.3945,23,3518.442859552739,41670,pos
41671,-0.1919000000000004,71,3525.3327507573144,41671,neg
41672,3.5570000000000004,38,2885.2670045075306,41672,pos
41673,13.5777,141,3304.785483425216,41673,pos
41674,0.4135,11,2847.544323867005,41674,pos
41679,3.6802,30,3180.268154460564,41679,pos
41688,-0.39860000000000007,28,3621.881959242564,41688,neg
41691,1.1399,15,3233.4219985820905,41691,pos
41698,1.305,14,3431.255495554036,41698,pos
41699,2.0180999999999996,54,2870.614959206276,41699,pos
41700,-0.20110000000000006,15,2897.3617618950666,41700,neg
41701,5.7541,107,3541.532941264581,41701,pos
41702,1.4733,48,3493.857444125409,41702,pos
41703,4.2444999999999995,24,3415.1609069779756,41703,pos
41706,3.1550000000000002,25,2938.742758057581,41706,pos
41709,2.1342,7,3499.0816889149646,41709,pos
41711,-0.4654999999999999,6,3320.4637635852414,41711,neg
41714,4.8609,46,3338.0548307385384,41714,pos
41715,0.831,28,3089.457843708333,41715,pos
41718,0.7699,6,3501.8751326169345,41718,pos
41722,1.6662,56,3499.676115451987,41722,pos
41724,3.3434999999999997,21,3665.023701932467,41724,pos
41725,1.4417,12,2533.1517422707075,41725,pos
41727,2.1661,17,3470.9585369583087,41727,pos
41729,1.7943,14,3359.2586755330326,41729,pos
41731,1.8618,8,3494.257061947287,41731,pos
41732,-0.8644,18,3024.106191287138,41732,neg
41733,0.24,42,3154.9177809190537,41733,pos
41734,0.03380000000000005,25,3592.5335694835994,41734,neu
41735,2.1348,10,3262.7392197135937,41735,pos
41736,0.3693999999999999,14,3574.6908596920503,41736,pos
41739,6.943899999999999,62,3647.7767081978095,41739,pos
41749,2.9324,23,3335.184165558021,41749,pos
41754,4.3325,66,3603.4583518314553,41754,pos
41762,0.7364000000000002,63,3381.8135313403354,41762,pos
41765,0.8879999999999999,7,3063.304010104154,41765,pos
44082,3.3994,62,3009.8167724032646,44082,pos
44085,3.4556,14,3300.2502280773647,44085,pos
44097,2.0008,16,2807.4485681566293,44097,pos
44098,0.9947,12,3321.461978224676,44098,pos
44101,1.0508,20,3652.431143053514,44101,pos
44109,-1.1394,30,3500.8554727483483,44109,neg
44111,-0.2536,13,3604.6946734251032,44111,neg
44113,-2.2756,37,3373.6964149710607,44113,neg
44115,0.7175,10,2972.715420096175,44115,pos
44121,-0.38389999999999996,17,3226.814966486292,44121,neg
44128,3.0955999999999997,15,3354.1732713440365,44128,pos
44134,0.9621,11,3397.654581353009,44134,pos
44136,2.1018,11,2994.689798465278,44136,pos
44138,1.9618,16,3657.776521049151,44138,pos
44139,1.7061,19,3352.321935658312,44139,pos
44141,1.7813999999999999,10,3083.064515521443,44141,pos
44142,0.296,3,3577.6007411058695,44142,pos
44145,0.8805,17,3591.1659976761366,44145,pos
44148,3.4861,26,3106.2368228237024,44148,pos
44155,-0.6808,1,3624.6851713699225,44155,neg
44156,6.1305,56,3117.856226587564,44156,pos
44157,-0.7171000000000001,23,3407.1420127070537,44157,neg
44158,1.2984,27,3282.8385566705924,44158,pos
44161,6.3234,74,3506.0741434635447,44161,pos
44166,-0.04550000000000004,7,3170.677928325097,44166,neu
44171,0.5295000000000001,51,3346.904194690348,44171,pos
44174,2.7977,25,3581.8468068749844,44174,pos
44176,-0.6345000000000001,19,3434.0521297873947,44176,neg
44177,1.6274,23,3159.3165068827725,44177,pos
44180,0.5490999999999998,46,3368.588920752853,44180,pos
44182,1.4212999999999998,25,3472.197627213453,44182,pos
44183,8.052999999999999,28,3591.5448948679573,44183,pos
44184,0.5399999999999999,101,3626.1355961117806,44184,pos
44187,0.546,5,3137.370312568159,44187,pos
44188,3.6966,41,3253.7382975619616,44188,pos
44190,-1.662,47,3596.8840806918097,44190,neg
44191,0.296,1,3553.963138736429,44191,pos
44193,1.9289,34,3520.686522893654,44193,pos
44195,-2.7404,48,3584.701231001893,44195,neg
44196,5.6841,25,2968.2685326250344,44196,pos
44198,3.0256,31,3077.2606290696185,44198,pos
44200,1.0522,23,3366.087883626033,44200,pos
44203,2.5776,16,3422.9020554147737,44203,pos
44206,2.7973,10,3408.550874914183,44206,pos
44209,2.7826,65,3458.3817641102983,44209,pos
44210,1.8352,11,2963.8431599452088,44210,pos
44211,1.8446,30,3647.600009152628,44211,pos
44213,-3.7149999999999994,90,3199.703294216494,44213,neg
44214,2.0460999999999996,58,2792.53593638078,44214,pos
44217,-0.9518,32,3585.154815779192,44217,neg
44219,-3.7916000000000003,60,3137.3427544408146,44219,neg
44222,3.3485,26,3285.2585772288103,44222,pos
44223,-0.3810000000000001,15,3183.8609896706807,44223,neg
44229,1.8954,10,3036.450870138975,44229,pos
44230,-0.7273999999999999,32,3499.99167236081,44230,neg
44235,1.0508,6,3545.7065763828664,44235,pos
44236,7.8664,63,3319.398842398654,44236,pos
44237,2.3558,10,3281.1373677676274,44237,pos
44244,8.7966,163,3272.307099880485,44244,pos
44245,1.3519999999999999,8,3555.3352689942267,44245,pos
44248,3.7174,23,3296.7033567158664,44248,pos
44252,-0.38629999999999987,28,3488.30625595425,44252,neg
44265,3.6058,18,3278.6087201031864,44265,pos
44267,0.9853999999999998,28,3389.1076933420795,44267,pos
44314,0.5859,6,3512.324459326113,44314,pos
46537,1.8073,17,3447.656080773262,46537,pos
46543,2.8072,105,2524.166664888149,46543,pos
46547,0.9947000000000001,66,3473.3292490777044,46547,pos
46549,0.42060000000000003,15,3554.71204161137,46549,pos
46551,4.5222,42,2869.075223419039,46551,pos
46561,0.8339000000000001,5,3536.012304524268,46561,pos
46562,2.3766999999999996,19,3534.679973423867,46562,pos
46566,-9.7912,47,3128.8059046064755,46566,neg
46567,1.1585999999999999,22,3377.093853661694,46567,pos
46569,0.19790000000000002,9,3256.961421485976,46569,pos
46577,1.5338,19,3507.2751685637127,46577,pos
46582,1.5373,16,3638.038828970233,46582,pos
46584,2.4632,28,3369.486147685872,46584,pos
46588,-0.04400000000000004,7,3552.026048665458,46588,neu
46596,0.8081999999999999,23,2283.028271947165,46596,pos
46597,-0.2333,10,3632.6708987009997,46597,neg
46598,2.0526,9,3621.571176978584,46598,pos
46602,3.6878,24,3556.313606346905,46602,pos
46603,0.9143999999999999,14,3479.857758425413,46603,pos
46604,2.5450999999999997,19,3151.525893756916,46604,pos
46605,-0.3873000000000001,7,3168.596250594282,46605,neg
46608,2.2631,47,3475.6921977759216,46608,pos
46610,2.0457,31,3296.919087395508,46610,pos
46613,1.4365,32,3361.011777766821,46613,pos
46614,5.6765,33,2621.552817589861,46614,pos
46615,-0.6949000000000001,21,3069.417092157956,46615,neg
46620,0.592,7,3369.372505594496,46620,pos
46621,0.2953,6,3369.5210592033823,46621,pos
46624,7.3795,70,2994.1653882609826,46624,pos
46626,0.7599,16,3642.5804383613695,46626,pos
46628,2.5181,29,3426.763232491905,46628,pos
46633,3.422,27,3459.9954358380846,46633,pos
46636,5.3107,56,3378.925275444696,46636,pos
46637,-1.6463999999999999,36,3055.880150631136,46637,neg
46638,-4.3877,71,3196.462490031003,46638,neg
46640,0.511,18,3553.1223889428147,46640,pos
46643,2.0994,11,3453.274097660147,46643,pos
46646,0.28750000000000003,15,3479.0046744871684,46646,pos
46650,4.5193,38,2906.755339147623,46650,pos
46652,1.9608999999999999,13,3553.962050937162,46652,pos
46656,1.8758,6,3552.523487517096,46656,pos
46661,-0.12150000000000011,49,3467.519400032525,46661,neg
46662,0.8922,6,3283.8887002776805,46662,pos
46663,0.4717,3,3398.442516144161,46663,pos
46670,2.2103,50,3002.185441704265,46670,pos
46672,0.6508999999999998,20,3491.5728552907613,46672,pos
46680,-11.700099999999999,58,3469.026434873864,46680,neg
46682,2.2048,11,3375.957786058336,46682,pos
46684,3.5509,19,3074.7372753176,46684,pos
46685,0.7427000000000001,25,3193.56456502402,46685,pos
46686,-1.1657,8,3543.6018067711043,46686,neg
46688,-0.7368000000000001,13,2496.3483159255966,46688,neg
46691,3.4844,25,3555.301411887176,46691,pos
46692,1.6733,8,2790.660418234495,46692,pos
46693,0.5035,38,3527.8509512110063,46693,pos
46694,1.5578999999999998,37,3272.009369531648,46694,pos
46695,2.4206000000000003,42,3613.304026430641,46695,pos
46699,0.6436,8,3627.5106487728026,46699,pos
46702,5.0034,34,3614.7181705791486,46702,pos
46704,0.8469999999999999,49,3643.432495046393,46704,pos
46712,4.2508,22,3300.327013607451,46712,pos
46713,2.6212,20,3508.5138052742323,46713,pos
46718,2.6648,28,3490.2977204811964,46718,pos
46719,1.2114,36,3041.8868529397223,46719,pos
46720,1.353,21,3553.5532536798573,46720,pos
46724,2.0659,9,3020.4848106556046,46724,pos
46733,-0.09860000000000002,9,3327.862593782832,46733,neg
46741,1.48,5,3184.8450103749965,46741,pos
49104,8.8154,61,3542.0957205668115,49104,pos
49105,1.4567999999999999,16,3432.130251997964,49105,pos
49114,0.0,6,2604.9336336664755,49114,neu
49139,2.0374,10,3431.5573117227004,49139,pos
49142,0.6776999999999999,26,3297.3424392557854,49142,pos
49157,1.1113,37,3160.5821609099403,49157,pos
49159,3.3609,24,3000.4068970260537,49159,pos
49160,2.681,29,3485.228454696285,49160,pos
49161,4.9848,72,3535.51941036975,49161,pos
49173,1.5605,10,3602.48682549262,49173,pos
49176,1.4213,15,3141.992246446473,49176,pos
49177,1.5942,18,3428.9330994723978,49177,pos
49179,14.2658,107,3514.334109072495,49179,pos
49180,0.296,1,3574.2646004493586,49180,pos
49189,1.9463,30,3062.7530087655305,49189,pos
49193,0.07329999999999996,14,3458.7846418631,49193,pos
49196,-4.0213,42,3421.035382341316,49196,neg
49197,2.2055,16,3472.6130504381,49197,pos
49201,3.3634,33,3300.41558622844,49201,pos
49203,-0.7437,10,3645.848832846237,49203,neg
49204,2.3314,81,3076.9561278567053,49204,pos
49208,6.6443,46,2686.5865708289257,49208,pos
49219,-0.4436999999999999,26,3297.060133596028,49219,neg
49222,0.2924,12,3478.1909853420807,49222,pos
49223,0.5448,10,3123.407856757147,49223,pos
49224,-0.47140000000000004,33,3479.513023875433,49224,neg
49227,-0.639,8,3600.330595667921,49227,neg
49233,3.8876999999999997,43,3203.142413106196,49233,pos
49235,3.3914999999999997,21,2780.913430330599,49235,pos
49238,3.6347000000000005,25,3451.5909185454975,49238,pos
49242,2.9824,35,3326.0154265134074,49242,pos
49243,1.927,15,3294.493310949422,49243,pos
49245,1.9024,11,2860.690161977276,49245,pos
49246,0.682,9,3607.4940788543295,49246,pos
49247,-0.8465,14,3511.402422395877,49247,neg
49250,3.4821,50,3376.8779280750514,49250,pos
49252,5.8966,58,3188.718059063052,49252,pos
49255,2.4232,28,3630.047166309666,49255,pos
49261,2.7626999999999997,21,3554.8885407317525,49261,pos
49267,-0.5423,4,3344.027796977837,49267,neg
49270,3.386,33,3395.260415246492,49270,pos
49274,3.1917,45,3424.3514158527,49274,pos
49278,4.909,34,3639.675586818209,49278,pos
49280,-0.04400000000000004,5,3545.001177714418,49280,neu
49290,2.3461,54,3531.945385035709,49290,pos
49294,3.0918,34,3020.3175937470687,49294,pos
49296,1.9366999999999999,15,3534.118366878234,49296,pos
49298,2.5168,17,3183.3728179636,49298,pos
49299,0.8433999999999999,19,3625.619287286614,49299,pos
49309,0.2379,3,3146.785290160759,49309,pos
49310,0.9292,11,3170.677928325097,49310,pos
49312,3.6677,17,3534.0254168515926,49312,pos
49314,1.854,22,3313.695421586961,49314,pos
49318,1.2906,24,3424.600770192428,49318,pos
49320,-2.6847000000000003,31,3016.2568998502643,49320,neg
49321,3.8969,16,3380.525072928163,49321,pos
49327,0.592,4,2807.886923357382,49327,pos
49329,1.1867999999999999,22,3246.828484320182,49329,pos
49338,1.2799999999999998,12,2763.5086135541583,49338,pos
49339,3.2906,50,3569.26168527045,49339,pos
49342,-2.2546999999999997,138,2979.971748764487,49342,neg
49347,0.3317,38,3608.100371828659,49347,pos
49351,0.8879999999999999,6,3125.782456625561,49351,pos
49358,-1.3957,15,3627.391902397249,49358,neg
49363,1.8197,27,3612.2658640412574,49363,pos
49365,1.5228000000000002,28,3494.2858503718467,49365,pos
